{"enabled":true,"info":{"name":"Billing Module","canonical":"billing_module","version":"0.1","author":"Doptor","website":"http:\/\/www.tngbd.com"},"provider":"App\\Modules\\Billing_Module\\ServiceProvider","table":"billing","target":"admin|backend","fields":["bill_number","vendor","created_date","due_date","notes","item","expense_account","description","quantity","price","amount"],"field_names":["Bill Number","Vendor","Date","Due Date","Notes","Item","Expense Account","Description","Quantity","Price","Amount"]}